Gene_id,fc2_log,log10_intensity,Gene_desc,Score
Tb927.5.4480,-6.515304825175007,8.020899672862535,"paraflagellar rod component par4, putative",41.007
Tb927.5.4380,-5.062036051356906,6.7784551501684565,Kinetoplastid-specific Protein Phosphatase 1,3.5081
Tb09.v4.0067,-2.3451940905220465,5.889884106994741,"retrotransposon hot spot protein, pseudogene",0.54776
Tb927.10.4490,1.403804752945069,-inf,"hypothetical protein, conserved",1.5683
Tb10.v4.0052,-5.648855664122261,7.9965291836753964,microtubule-associated protein 2,6.4094
Tb927.11.13007,-3.2915526653215426,7.7003661859198065,ubiquitin-60S ribosomal protein L40,4.2010000000000005
Tb11.01.2730,-1.4237635183150095,6.242019364975552,"hypothetical protein, conserved",3.0869
Tb11.v5.0676,-5.177027469748289,6.439411649285785,"expression site-associated gene 2 (ESAG2) protein, putative",0.7205600000000001
Tb927.6.4980,-0.8218897473161956,6.72134888045257,40S ribosomal protein S14,4.0335
Tb11.v5.0996,-6.874364878396489,7.1671104785966575,"hypothetical protein, conserved",15.089
Tb927.7.4810,4.135114943878617,5.524331200288652,"HD domain containing protein, putative",0.8464299999999999
Tb927.7.4900,-2.4953155344445572,6.305587802072341,5'-3' exoribonuclease A,1.3206
Tb927.7.4910,1.403804752945069,-inf,"hypothetical protein, conserved",0.50097
Tb927.7.5020,-7.0370233810085265,6.723701893991268,"60S ribosomal protein L19, putative",4.4006
Tb927.7.5050,-1.8772912253546696,5.792216535439859,"hypothetical protein, conserved",1.7668
Tb927.10.6140,6.993023554646572,6.27556471506985,"phosphatidylinositolN- acetylglucosaminyltransferase subunit c, putative",0.6501899999999999
Tb927.5.295b,1.2987195505007667,6.3842458578199786,retrotransposon hotspot (RHS) protein 1,2.3172
Tb927.5.500,-4.647105664079574,6.88071643659597,"hypothetical protein, conserved",8.0037
Tb927.10.5240,-0.3313875313614626,5.447220068979909,"cAMP binding protein, putative",1.0863
Tb927.10.5340,3.0603029858674256,6.172894697752176,"40S ribosomal protein S18, putative",2.07
Tb927.11.7290,-2.5167101408282093,6.328338822699528,"pantothenate kinase subunit, putative",4.5557
Tb927.11.7240,-2.4592969034619676,5.9340791041772665,nexin-dynein regulatory complex 2,0.56433
Tb927.7.4500,-3.625357451718331,6.201560978116737,"PX domain containing protein, putative",2.0263
Tb11.v5.0365,-2.5338492994685686,6.88416639910588,"hypothetical protein, conserved",3.7982
Tb11.v5.0366,-1.4653435467320373,7.510035353549736,"hypothetical protein, conserved",9.8831
Tb11.v5.0394,-4.823198015182835,7.155700327559317,"hypothetical protein, conserved",9.9972
Tb11.v5.0399,-4.163017022482146,6.6622382558622535,"hypothetical protein, conserved",11.097999999999999
Tb927.10.540,-4.808167980310727,6.52172633728741,"ATP-dependent RNA helicase SUB2, putative",3.6283
Tb927.10.15390,-4.320998181985399,6.7999880614503665,Flagellum attachment zone protein 7,1.0435
Tb927.1.1560,-0.15318172237060287,7.307153601875836,"vesicular-fusion protein nsf, putative",11.487
Tb927.1.2390,-1.9082783886486057,8.880012838366772,beta tubulin,102.32
Tb11.v5.0498,1.403804752945069,-inf,"lysosomal alpha-mannosidase precursor, putative",1.3215
Tb927.10.3940,-5.856634903511178,6.644674875916487,"40S ribosomal protein S3A, putative",1.0783
Tb927.10.5620,0.2012271906982266,8.363292251571082,"fructose-bisphosphate aldolase, glycosomal",30.554000000000002
Tb927.8.5010,-4.28078542883094,9.800909444620412,Paraflagellar rod protein 2-5,323.31
Tb927.10.10970,-2.0073074480508972,7.452016565962548,"heat shock protein, putative",9.4741
Tb927.10.4800,-2.1004861665258736,5.83714634390906,"hypothetical protein, conserved",2.5866
Tb11.v5.0605,-4.076176344254492,6.3168087520530225,"pyruvate kinase 1, putative",1.4312
Tb11.v5.0616,-6.45694940180926,7.222326210990811,"paraflagellar rod protein, putative",15.79
Tb11.v5.0624,-1.9597449486897256,6.489958479424835,"retrotransposon hot spot protein (PHS), putative",1.8788
Tb927.10.14890,-3.1258746617039015,7.815012931185225,"C-terminal motor kinesin, putative",17.88
Tb927.5.1230,-5.629487020296125,6.769310847343161,"hypothetical protein, conserved",2.0482
Tb927.10.2890,4.671614971354849,5.824438257272918,enolase,0.48471000000000003
Tb927.10.8230,-1.9702612498589995,8.913193745807494,protein disulfide isomerase 2,51.586999999999996
Tb927.10.2770,1.403804752945069,-inf,"eukaryotic translation initiation factor 5, putative",0.55595
Tb11.v5.0713,-0.7832126355135827,7.112202690730536,"Retrotransposon hot spot protein 6 (RHS6), putative",6.9879
Tb11.v5.0732,3.6885568317961446,7.5221963671366305,"hexokinase, putative",7.7224
Tb927.3.3790,-6.67532625265683,6.980121592732692,"hypothetical protein, conserved",4.256
Tb11.v5.0765,10.39805518260526,7.727858322623452,"N-acetylglucosaminyl-phosphatidylinositol biosynthetic protein, putative",5.4814
Tb11.v5.0791,0.2586417487181586,6.23246243853121,"ABC transporter, putative",1.6763
Tb11.v5.0807,-3.343729116228222,7.243410141653711,"ribonuclease, putative",12.311
Tb11.v5.0812,-2.483287015982327,5.825666244134071,"signal recognition particle protein, putative",4.3297
Tb11.v5.0826,-1.0121138382546835,6.318418142209945,"expression site-associated gene (ESAG) protein, putative",1.2022
Tb927.3.3400,-5.977104193765121,6.982628474237252,"kinesin, putative",1.7792
Tb11.v5.0877,-1.7984273258794083,5.532282894538802,"eukaryotic translation initiation factor 3 subunit 8, putative",0.5785399999999999
Tb11.v5.0909,-8.937786955884972,8.218430463619232,"variant surface glycoprotein (VSG, atypical), putative",0.6916399999999999
Tb927.11.11330,-1.240127499597933,8.436258085890037,heat shock protein 70,57.522
Tb927.10.2110,-3.488540460161049,8.952458241810284,elongation factor 1-alpha,81.267
Tb927.3.4330,-4.186287115283488,9.983093803512721,Paraflagellar rod protein 1-5,323.31
Tb927.11.3600,3.075072999782413,6.307902330326024,"40S ribosomal protein S4, putative",1.3161
Tb427.BES40.22,1.3031418345326389,8.255561938290896,476,36.194
Tb927.1.1050,-1.5365179334093455,6.646864245869805,Metallo-dependent phosphatase-like domain-containing protein,2.5445
Tb927.1.120,-1.2629791006549342,7.685222065334621,"retrotransposon hot spot protein 4 (RHS4), putative",16.713
Tb927.1.1730,4.793718867603726,5.970435214088497,"Polyadenylation mediator complex protein PAMC1, putative",1.3572
Tb927.1.2100,-6.01230322254231,7.343526753097717,Calpain-like protein 1.1,22.961
Tb927.1.2120,-2.461041778487464,6.048519487922654,Calpain-like protein CALP1.3,0.95531
Tb927.1.2190,-0.09234515058540815,5.281397021848757,"Raptor N-terminal CASPase like domain containing protein, putative",1.6957
Tb927.1.2400,-2.252670659442322,8.77326702829461,alpha tubulin,44.961999999999996
Tb927.1.2550,-0.6239403822759101,6.647910845166054,"histone H3, putative",0.78174
Tb927.1.2990,-1.3346112755931447,5.758404667212629,kinetoplast ribosomal PPR-repeat containing protein 2,0.74228
Tb927.1.3250,-1.8021543993314209,6.145724574880668,"Domain of unknown function (DUF4456), putative",1.5108
Tb927.1.3260,-1.0821909868414692,5.925270826405609,"hypothetical protein, conserved",0.8422700000000001
Tb927.1.3270,-2.284244044997316,6.033544376090948,"hypothetical protein, conserved",0.63803
Tb927.1.3830,-4.059029158745018,7.970649010310443,"glucose-6-phosphate isomerase, glycosomal",20.848000000000003
Tb927.1.3910,-2.1686003052559997,6.023293623036605,Anaphase-promoting complex subunit CDC23,1.2159
Tb927.1.4310,-5.291387144793758,8.006123606211855,Flagellum attachment zone protein 2,40.54
Tb927.1.4340,-5.208574370020815,6.845563106432324,"hypothetical protein, conserved",10.198
Tb927.1.4380,-8.62680691652293,8.128689993585454,"Putative integral membrane protein conserved region (DUF2404), putative",2.1532
Tb927.1.4420,-1.4318309901825568,5.793399203891892,"ABC transporter, putative",0.66775
Tb927.1.5030,-4.958702534399198,6.775304550389529,"leucine-rich repeat protein (LRRP), putative",2.5567
Tb927.1.700,0.5779156865003173,6.973160193474009,phosphoglycerate kinase,4.7016
Tb927.1.730,-10.102122305893719,8.650307523131936,"NADH-ubiquinone oxidoreductase complex I subunit, putative",0.85515
Tb927.1.750,-2.595501671500246,6.303541626948889,Metal-binding domain-containing protein,2.0392
Tb927.1.90,0.29386970843210364,6.134559577422625,"retrotransposon hot spot protein (RHS, pseudogene), putative",1.1739
Tb927.10.10280,-5.22492654283723,9.248414697348721,"microtubule-associated protein, putative",92.35799999999999
Tb927.10.10340,-3.2381826928781843,6.54966524036331,"structural maintenance of chromosome 2, putative",6.382999999999999
Tb927.10.10590,1.2996981404298944,6.7514561737868775,"histone H2B, putative",2.963
Tb927.10.1060,-1.4054946122849172,5.6019188226801955,"T-complex protein 1, delta subunit, putative",2.2798
Tb927.10.10850,-2.378888330411006,6.19220492541459,Protein argonaute-1,1.1683
Tb927.10.11080,-7.268519736656279,7.705855163095799,paraflagellar rod protein,18.555999999999997
Tb927.10.11250,-5.342154965332415,7.066214075471244,Coiled-coil domain-containing protein 40 homolog,7.1143
Tb927.10.11360,1.403804752945069,-inf,"protein phosphatase 2A regulatory subunit, putative",1.5648
Tb927.10.11570,-0.34896038136283636,6.670347918842526,"hypothetical protein, conserved",2.17
Tb927.10.11580,-1.7189381261214243,6.048752457699489,predicted WD40 repeat protein,2.4381
Tb927.10.1170,-5.5367550360597475,7.359588869615034,intraflagellar transport protein 172,24.613000000000003
Tb927.10.11810,-2.240223485101822,5.894781129102506,"hypothetical protein, conserved",1.2296
Tb927.10.11850,-1.6220717416867576,5.609146011529596,"WD domain, G-beta repeat, putative",0.7490399999999999
Tb927.10.11930,-0.9324262148631036,6.407594830510745,beta-D-hydroxybutyrate dehydrogenase,1.1298
Tb927.10.1210,-3.2858980087221217,6.313593064521326,"katanin, putative",2.0914
Tb927.10.12130,-4.564194824086709,6.722387094177123,"Ubiquitin family, putative",10.502
Tb927.10.12500,0.10246897786993611,6.614949918476243,"P-type H+-ATPase, putative",1.6798
Tb927.11.9730,-8.410070443524425,7.067331280208168,"60S ribosomal protein L34, putative",1.5499
Tb927.10.12820,-1.5954178050269776,5.724111953961212,"hypothetical protein, conserved",1.324
Tb927.10.12840,-6.235505475718879,6.792993680559676,mitochondrial carrier protein,1.8703
Tb927.10.12870,-1.5688165290146319,5.8150594733038625,Basal body protein,2.7783
Tb927.10.12890,0.6962327089031143,6.876743065391398,"bifunctional aminoacyl-tRNA synthetase, putative",3.431
Tb927.10.12960,4.884771254338942,5.578432899740808,Ras-related protein Rab5A,0.53076
Tb927.10.1320,-3.564937353444524,6.290524308436691,"hypothetical protein, conserved",2.4976
Tb927.10.13250,0.009217688548524842,6.13795512353236,"hypothetical protein, conserved",2.2414
Tb927.10.13280,0.13860386537796085,5.441742253643248,"hypothetical protein, conserved",1.7338
Tb927.10.13360,-0.8015223658794838,6.652961515557108,"Elongation factor Tu, mitochondrial",3.6689
Tb927.10.13550,1.403804752945069,-inf,"hypothetical protein, conserved",3.7279
Tb927.10.13600,-4.419206112542095,5.83119125902639,"hypothetical protein, conserved",0.71187
Tb927.10.13610,-2.450339866506622,6.054114900510585,"zinc-finger of a C2HC-type/Double zinc ribbon, putative",0.7127899999999999
Tb927.10.13790,-0.5286331222545528,6.1862781034453675,"hypothetical protein, conserved",1.4315
Tb927.10.1390,5.050907728760758,5.735151601582671,Hypoxanthine-guanine-xanthine phosphoribosyltransferase,0.7205600000000001
Tb927.10.13960,-4.1095060218914545,6.402484922073764,paralyzed flagella protein 20,2.8287
Tb927.10.14150,-0.008831886626230025,6.144792078497715,"nuclear segregation protein, putative",0.60175
Tb927.10.14320,-2.7591696381383373,6.309502414966703,Flagellum attachment zone protein 9,1.1854
Tb927.10.14340,-2.1219202430977187,6.116242357963335,"hypothetical protein, conserved",1.3607
Tb927.10.14390,-4.926831966264997,6.673020907128897,FACT complex subunit POB3,0.9630799999999999
Tb927.10.14470,-4.899924951966271,7.199700338629511,intraflagellar transport protein 140,12.674000000000001
Tb927.10.1450,-1.966999884554763,7.078348049555357,"plectin, putative",9.0898
Tb927.10.14510,-1.3381294684219847,6.776672133218682,"root hair defective 3 GTP-binding protein (RHD3), putative",1.9576
Tb927.10.14550,-3.4027999492115937,7.2875554106423355,ATP-dependent RNA helicase HEL67,11.264000000000001
Tb927.11.4820,-1.3949688820365214,6.432905183636574,"60S ribosomal protein L17, putative",1.6265
Tb927.10.14710,0.3810312659620269,6.966489029424396,"40S ribosomal protein S2, putative",3.6677
Tb927.10.14770,-4.144298851658441,7.180555940703641,Associated kinase of Tb14-3-3,7.5119
Tb927.10.14930,2.7853630281802473,6.038262407104784,Zinc finger CCCH domain-containing protein 39,2.3607
Tb927.10.14950,-1.2690939696745942,6.611308991008313,Zinc finger CCCH domain-containing protein 40,4.6011
Tb927.10.14980,-3.8638826448535286,6.433945755538029,intraflagellar transport protein 52,1.2005
Tb927.10.14990,-0.9634329864720237,6.410996433516383,intraflagellar transport protein 80,0.79642
Tb927.10.1510,-4.8659254778374414,7.343034210479198,CCR4-NOT transcription complex subunit 1,32.916
Tb927.10.15290,-3.499057122855599,6.627222433791753,"tubulin binding cofactor c, putative",3.7124
Tb927.10.15570,-1.9689334026464607,5.673997202051136,"transcription factor IIa, putative",2.2137
Tb927.10.15700,-1.8935072406349995,6.516125343898722,"hypothetical protein, conserved",0.63367
Tb927.10.16120,-1.814829367142333,6.864469548179421,inosine-5'-monophosphate dehydrogenase,6.6716
Tb927.10.1720,1.403804752945069,-inf,"ATP-dependent DEAD/H RNA helicase, putative",1.2701
Tb927.10.1890,-4.723126267260224,7.0319333402756055,"cysteine peptidase, Clan CA, family C2, putative",10.409
Tb927.10.1970,-4.492282484331402,6.982447629344768,"CHAT domain containing protein, putative",12.09
Tb927.10.2200,-7.112024318602753,7.1062929121756575,"hypothetical protein, conserved",0.55362
Tb927.10.2240,-0.6094303824646923,6.917269130221191,RNA binding protein,6.5256
Tb927.10.2320,-3.6985061684476994,6.020278394111927,Nucleoporin NUP41,0.75788
Tb927.10.2380,-4.933555822090159,6.895566182036411,"Tetratricopeptide repeat, putative",8.0283
Tb927.10.2470,-0.02816327897225363,6.720960973800096,"Cleft lip and palate transmembrane protein 1 (CLPTM1), putative",3.1718
Tb927.10.2640,-4.5469693422003665,6.749813585292938,intraflagellar transport protein 81,3.5714
Tb927.10.2880,-0.5187116487148884,5.703987411212198,"Voltage-dependent calcium channel subunit, putative",0.90669
Tb927.10.2950,-2.162043851770954,6.294223658976586,"hypothetical protein, conserved",2.1011
Tb927.10.3010,-2.1499565802893246,6.162295502772753,"hook complex protein, conserved",2.2594
Tb927.10.3210,1.403804752945069,-inf,"delta-1-pyrroline-5-carboxylate dehydrogenase, putative",0.60073
Tb927.10.3260,-0.6613558466484634,7.541042283896527,"Long-chain-fatty-acid--CoA ligase 5 (EC 6.2.1.3) (Long-chain acyl-CoA synthetase 5) (LACS 5), putative",12.209000000000001
Tb927.10.3570,-2.1241811380538396,7.018575683467251,RNA editing exonuclease 2,3.5587
Tb927.10.3730,4.276900618420627,5.767452718097773,"SET domain containing protein, putative",1.2648
Tb927.10.3780,4.750710040810787,6.0950995796456136,"hypothetical protein, conserved",1.1749
Tb927.10.3810,-2.9734045456785765,6.013427127070696,Nucleoporin NUP65,1.3007
Tb927.10.3820,-0.3141203454322906,5.581460389350512,"hypothetical protein, conserved",2.9469
Tb927.10.3990,-2.0134318341901043,6.690071978161145,DHH1,2.5836
Tb927.10.4080,-2.7718420345030452,6.325782397515805,"hypothetical protein, conserved",1.5722
Tb927.10.4200,1.403804752945069,-inf,"hypothetical protein, conserved",2.3633
Tb927.10.450,-1.1519954939493524,5.503654519242959,Component of motile flagella 62,1.3664
Tb927.10.4570,-0.9837052736508115,7.7956715059460215,elongation factor 2,22.906999999999996
Tb927.10.4610,6.003818074019187,6.226238917075984,"dolicholphosphate-mannose synthase, putative",1.4078
Tb927.10.5010,0.7838321197929027,7.2689989585426735,"Elongation factor G1, mitochondrial, putative",5.7561
Tb927.10.5250,-3.929814356295224,6.488395583624388,"zinc finger protein family member, putative",5.0126
Tb927.10.5350,-2.792308224831958,6.882746466625309,"dynein heavy chain, putative",8.5686
Tb927.10.5380,-0.29324387368250937,6.341018827556043,intraflagellar transport protein 122,1.7012
Tb927.10.5450,-4.969255262847857,6.899678266839023,ISWI complex protein,5.8043
Tb927.8.1110,-4.802278940312594,6.239249413476724,"40S ribosomal protein S9, putative",0.67313
Tb927.10.5770,-1.14290172957454,6.369475614018333,Valosin-containing protein,1.8224
Tb927.10.5810,-5.0064764315544075,6.686233958458255,"The ARF-like 2 binding protein BART, putative",4.2674
Tb927.10.5820,1.28257806925034,7.489536629482095,predicted RanGDP binding protein,21.485
Tb927.10.5880,-3.791060807507219,6.424162659974883,"Proteophosphoglycan, putative",0.68871
Tb927.10.6050,-6.00784205949423,7.5129244189649675,clathrin heavy chain,36.654
Tb927.10.6220,-2.3144176021329126,6.016029963076024,5'-3' exoribonuclease D,2.1146
Tb927.10.6230,-2.792308224831958,6.1798389280231865,MORN repeat containing protein,1.2376
Tb927.10.6510,-0.8386812131009825,8.458592528976016,"chaperonin HSP60, mitochondrial precursor",58.743
Tb927.10.7060,-3.8359084014955656,6.4782489549966975,Nucleoporin NUP96,1.8052
Tb927.10.7130,4.022328944692981,5.455179975545529,"hypothetical protein, conserved",5.6559
Tb927.10.720,-0.9207495489308999,5.65123923597393,Flagellum attachment zone protein 24,0.78109
Tb927.10.7230,-6.658508029781821,7.853947524988026,Flagellar Member 1,36.01
Tb927.10.7350,-2.428474090554829,6.368138064723547,"hypothetical protein, conserved",1.2197
Tb927.10.740,-4.580661907346163,6.982813762131863,"structural maintenance of chromosome 4, putative",9.5888
Tb927.10.7410,-0.5820085957404965,6.800909444620413,"succinyl-CoA ligase [GDP-forming] beta-chain, putative",3.4213
Tb927.10.7690,-1.9563971176526915,6.874006094659125,Component of motile flagella 4,5.2823
Tb927.10.7740,-3.3485327505177893,6.936945811339579,protein transport protein SEC23,6.6796
Tb927.10.7880,-2.4540401767495235,5.957999746366688,"Sperm tail/Sperm tail C-terminal domain containing protein, putative",3.2823
Tb927.10.8040,-2.5316914678049436,6.014940349792936,"beta adaptin, putative",0.9829600000000001
Tb927.10.8110,-0.2000840111201197,6.236914963627505,"Protein of unknown function (DUF2453), putative",0.50993
Tb927.10.8170,-2.7220415756896585,7.022634539944119,Nucleoporin NUP144,14.825
Tb927.10.8190,-2.3539928976393205,5.907889466431657,"T-complex protein 1, theta subunit, putative",1.324
Tb927.10.8210,-2.641012841234352,5.819596574107099,KREPA2,1.6812
Tb927.10.840,-6.35289208032756,7.592365540046917,Flagellum attachment zone protein 6,38.812
Tb927.10.8590,-3.0825634516032063,6.5141225469164645,flagellum transition zone component,3.6257
Tb927.10.8780,-4.353979211370467,7.046065730230688,"AAA domain containing protein, putative",5.7859
Tb927.10.8820,1.403804752945069,-inf,"hook complex protein, conserved",0.56267
Tb927.10.8910,-0.9729731264624027,5.743486246339917,Nucleoporin NUP181,0.78191
Tb927.10.8930,-7.44788827472283,7.457245878340744,"paraflagellar rod component, putative",9.0871
Tb927.10.8940,-5.417619988671275,7.570227611697569,"flagellum targeting protein kharon1, putative",23.543000000000003
Tb927.10.9040,-1.3852001935364506,5.934569144591319,"hypothetical protein, conserved",1.5987
Tb927.10.9240,-3.765217841715977,5.970398021390779,"Tir chaperone protein (CesT) family, putative",0.74917
Tb927.10.9570,-3.1529355129077983,8.279210512601395,"paraflagellar rod component, putative",87.68799999999999
Tb927.10.9720,-3.218020702276637,6.212853189947111,RNA-editing-associated protein 1,1.7671
Tb927.11.4300,-8.110875449942755,7.204987704187151,"60S ribosomal protein L18, putative",1.6880000000000002
Tb927.10.9890,-4.496027494735624,7.465144816648322,"hypothetical protein, conserved",5.3098
Tb927.10.9970,3.7379157222608863,5.305157828786486,"hypothetical protein, conserved",1.1524
Tb927.10.9980,1.403804752945069,-inf,"hypothetical protein, conserved",1.7446
Tb927.11.10120,-3.456930482688789,6.340364784402067,"hypothetical protein, conserved",3.6181
Tb927.11.10330,-7.749880882468101,7.623280310324481,regulator of chromosome condensation 1-like protein,22.899
Tb927.11.10430,-4.76644842584471,6.618665088940316,"hypothetical protein, conserved",10.228
Tb927.11.10540,-5.487890405852788,7.099887727411467,"hypothetical protein, conserved",6.2651
Tb927.11.1070,-0.03401445152551736,9.277288244921026,"glycosomal transporter (GAT3), putative",112.39
Tb927.11.10760,-1.3418170187779024,6.346529004101864,kinesin-D,2.4019999999999997
Tb927.11.1090,-2.361682650840351,8.05088221066403,"calpain-like protein, putative",38.055
Tb927.11.10900,1.403804752945069,-inf,Component of motile flagella 9,1.9642
Tb927.11.11080,-1.9765874677133999,6.250053869521799,Nucleoporin NUP149,5.3903
Tb927.11.1110,-2.4065718170223303,6.256765837941647,"calpain, putative",1.3806
Tb927.11.11140,-2.726505883535316,6.808292015654263,hypothetical protein,6.2652
Tb927.11.11220,-3.724392340271062,7.164887957547954,"dynein heavy chain, putative",13.614
Tb927.6.720,-5.464484058214431,6.218719266900493,"40S ribosomal protein L14, putative",1.66
Tb927.11.1130,-3.6628375212551245,7.187041040042328,"calpain-like cysteine peptidase, putative",0.69723
Tb927.11.11370,-4.456444785923908,6.34206720353101,receptor for activated C kinase 1,1.5729
Tb927.11.11460,-3.034747915827815,6.221596785740263,Mitochondrial import receptor subunit ATOM69,1.9877
Tb927.11.11480,-2.8551477596256034,7.60535892548885,"Trichohyalin, putative",7.816
Tb927.11.11550,-6.102318459632234,7.421916374871954,"DNA topoisomerase II alpha, putative",17.382
Tb927.11.11570,0.5552233310135941,6.10809123558122,"Translation initiation factor eIF-2B subunit epsilon, putative",0.9113399999999999
Tb927.11.11680,-0.1946957227773899,6.4670898985208165,"2-oxoglutarate dehydrogenase E2 component, putative",2.2686
Tb927.11.12150,-6.8016207959344355,8.085040706742193,flagellar pocket cytoskeletal protein bilbo1,36.508
Tb927.11.12530,-1.1901616459359783,7.663861047845941,Flagellum attachment zone protein 3,20.818
Tb927.11.12540,-5.545090808346012,7.122445256281956,"leucine-rich repeat protein (LRRP), putative",5.0611
Tb927.11.12560,-4.295830014809011,6.467548913204926,hypothetical protein,4.7714
Tb927.11.1260,1.403804752945069,-inf,"copper-transporting ATPase-like protein, putative",0.70462
Tb927.11.12840,-0.11986061754289692,5.722041298632116,"Domain of unknown function (DUF4486), putative",0.46083999999999997
Tb927.11.13190,-4.72928673784934,6.557037765882228,"elongation factor 1 gamma, putative",4.4203
Tb927.11.13230,-5.2583631432014295,6.425126470508774,"VAMP-associated protein, putative",2.4526
Tb927.11.13360,-0.37346148197412243,5.421735511322255,"AAA ATPase, putative",1.1562
Tb927.11.13380,-2.1095506547534604,6.348519036207146,"ATP-dependent helicase, putative",3.7364
Tb927.11.13500,-3.156175872446409,8.715192460850222,par1,48.856
Tb927.11.1360,-3.684645535343579,6.3307991908366485,"zinc-finger of a C2HC-type, putative",1.8206
Tb927.11.13670,-4.018127086686325,6.827013678162476,"hypothetical protein, conserved",7.3158
Tb927.11.1380,-1.8715056307412161,6.357610910158445,"Right handed beta helix region/Periplasmic copper-binding protein (NosD), putative",1.6987
Tb927.11.1400,1.3373384894592226,6.321826183768503,"hypothetical protein, conserved",2.3069
Tb927.11.14190,-3.2222114527587573,6.312473557686056,"Staphylococcal nuclease homologue/Tudor domain containing protein, putative",4.2869
Tb927.11.1420,-2.255740808764142,6.853582627837067,"hypothetical protein, conserved",5.4923
Tb927.11.14210,-3.923392515356582,6.725919795648436,conserved protein,4.0197
Tb927.11.14250,-3.299360689796403,6.179810222878796,"T-complex protein 1, epsilon subunit, putative",1.4282
Tb927.11.1430,-2.863721720351443,8.040008636013543,Component of motile flagella 2,37.739000000000004
Tb927.11.14300,-3.0132954615293635,7.548745553259414,"Dynein intermediate chain, axonemal",9.4845
Tb927.11.1450,-3.1320987229199266,7.282214133062335,"2-oxoglutarate dehydrogenase E1 component, putative",6.6312
Tb927.11.14960,1.403804752945069,-inf,"pumilio/PUF RNA binding protein 7, putative",0.5123800000000001
Tb927.11.15040,-0.6000268517364196,6.604031549319823,"Chaperonin HSP60, mitochondrial",3.3728
Tb927.11.15070,-2.475070614562849,6.2165089781866,Basal body protein,0.81239
Tb927.11.15100,-4.631799953909821,8.049256797232227,Tb5.20,15.370999999999999
Tb927.11.15120,-6.443020965693996,7.282531483812228,"hypothetical protein, conserved",16.796
Tb927.11.15140,-4.197962883204079,7.44838163685466,"bilobe region protein, putative",8.4228
Tb927.11.15150,2.9467650565753307,6.0405627850813115,"1-acyl-sn-glycerol-3-phosphate acyltransferase, putative",1.1624
Tb927.11.15190,-4.25285362563415,6.537151405048338,"Domain of unknown function (DUF4200), putative",5.7619
Tb927.11.15240,-3.4420217728948868,5.883780636886415,"Ras-related protein RAB2B, putative",0.51959
Tb927.11.15730,-3.4485278451771126,6.334453751150931,"cyclic nucleotide-binding domain containing protein, putative",0.58749
Tb927.11.15750,-1.9372017089988403,6.1302694238053705,"AMP deaminase, putative",2.2329
Tb927.11.15900,-3.7873072090330617,5.688313015145123,"60S ribosomal protein L27, putative",0.54704
Tb927.11.15990,-1.9151329901704366,6.838823913515769,Nucleoporin NUP109,6.3213
Tb927.11.16090,-5.557361591734474,6.985125462548992,"Outer dynein arm docking complex protein 2, putative",12.279000000000002
Tb927.11.16110,1.403804752945069,-inf,"integrin alpha chain protein, putative",1.1389
Tb927.11.16240,-0.7931741903557848,5.513284204543479,"RING-variant domain containing protein, putative",0.9229799999999999
Tb927.5.1110,-5.0769821125182215,6.389963036435888,"60S ribosomal protein L8, putative",1.2341
Tb927.11.16400,-6.1710656206974885,6.62876685723129,"kinetoplast-associated protein 3, putative",0.9300799999999999
Tb927.11.16670,1.403804752945069,-inf,"hypothetical protein, conserved",0.70462
Tb927.11.1680,-1.4756817812024494,5.728873001369515,"vesicular-fusion protein SEC18, putative",0.51783
Tb927.11.16890,-1.507224317242263,6.08781689793553,Tetratricopeptide-like helical domain containing protein,1.8823
Tb927.11.17000,-1.7308819841194978,8.473224124130912,AIR9-like protein,98.12100000000001
Tb927.11.1740,-3.1072280490664435,6.279552881150386,intraflagellar transport protein 88,1.2726
Tb927.11.1820,-0.1361443446198448,6.213862930386819,"translation initiation factor eIF2B delta subunit, putative",2.8628
Tb927.11.1980,-1.9499337227782159,5.717387537038115,"zinc finger protein family member, putative",1.0276
Tb927.11.2060,-5.677052646749073,6.646550753640342,"60S acidic ribosomal protein P0, putative",3.7798
Tb927.11.2270,-6.186237767451769,7.252464661195994,"inner dynein arm I1 intermediate chain, axonemal",8.3806
Tb927.11.2320,-1.0226688730622615,5.749612655408231,"Hereditary spastic paraplegia protein strumpellin, putative",0.8713200000000001
Tb927.11.2330,-0.4880957926925861,5.975858999257452,"molybdopterin synthase sulphurylase protein, putative",0.53842
Tb927.11.2430,-4.2744262555129104,7.384174138807033,"Cytoplasmic dynein 2 heavy chain (DYNC2H2), putative",20.927
Tb927.11.2470,-5.869120479817397,6.8909014392793155,"metallo-peptidase, Clan MF, Family M17",7.3906
Tb927.11.2490,-4.26359224541114,7.221570712166461,"Unc104-like kinesin, putative",21.029
Tb927.11.2570,-4.02134865043299,7.146593102096305,"hypothetical protein, conserved",8.1035
Tb927.11.260,-0.4390080154619026,6.837872404269612,Putative intraflagellar transport protein F6,7.8962
Tb927.11.2610,-1.4084392432481159,8.06280753317216,"hypothetical protein, conserved",26.699
Tb927.11.2650,0.6753577829205275,7.643166342570888,"heat shock protein 84, putative",23.928
Tb927.11.2750,0.1532887271037903,7.42380272480258,Present in the outer mitochondrial membrane proteome 12,8.005
Tb927.11.2950,-0.7696418461556809,6.679782092823561,Nucleoporin NUP89,3.9508
Tb927.11.3240,-3.599610330033504,6.246916917014926,"T-complex protein 1, zeta subunit, putative",0.5576399999999999
Tb927.11.3250,-4.7569082357399335,8.180039810927177,"dynein heavy chain, putative",83.205
Tb927.11.3260,-1.1556729548470073,5.8736634834854655,"mitochondrial DNA polymerase I protein D, putative",2.4148
Tb927.11.330,-2.6830334289216786,6.227115082589125,Myosin-like protein 1,1.374
Tb927.11.3300,-5.261736232197835,6.924790831742455,Spindle assembly abnormal 4,8.453
Tb927.11.3350,-0.10859779445794573,7.3237057576177085,"phospholipid-transporting ATPase 1-like protein, putative",13.668
Tb927.11.3360,-3.1646354465431656,6.313360951244128,Component of motile flagella 22,0.5955
Tb927.11.3390,-0.8435355262587333,6.113843118937487,"Concanavalin A-like lectin/glucanases superfamily/SPRY domain/HECT-domain (ubiquitin-transferase), putative",1.4302
Tb927.11.3490,-4.610661389694008,7.602135986212937,"hypothetical protein, conserved",33.705
Tb927.11.3500,-4.544545086259043,7.384048602028618,"Dpy-30 motif containing protein, putative",9.8349
Tb927.11.3710,-5.860250318770805,6.935396410858838,"hypothetical protein, conserved",2.5519
Tb927.11.3850,-3.0855280894229655,6.542501763214744,"AMP deaminase, putative",2.5351
Tb927.11.3870,-4.776440306788955,6.619458568994316,"katanin, putative",1.5632
Tb927.11.390,-5.023792048519762,6.871701336974048,"SPRY domain containing protein, putative",0.73592
Tb927.11.4030,-1.6399951546024925,6.072801149409849,"hypothetical protein, conserved",1.5277
Tb927.11.4160,0.7736996982871487,6.707425387137801,predicted C2 domain protein,2.7704
Tb927.11.4350,-2.646709103522706,6.018450832386356,SUMO-interacting motif-containing protein,0.6655399999999999
Tb927.11.4380,-1.1946458726646663,6.034548247098469,"ATP-dependent RNA helicase, putative",4.9915
Tb927.11.4480,-7.781026669428381,7.58718320673775,Flagellar radial spoke protein 4/6,22.072
Tb927.11.4660,-4.374435707227678,6.676355185256564,Kinesin-13 2,1.5424
Tb927.11.5000,-2.8093908982891254,7.701947718739429,"Dynein intermediate chain 1, axonemal",16.483
Tb927.11.5290,-0.5091770113349344,6.52706249900894,mitochondrial carrier protein,0.7736
Tb927.11.5370,-5.107743601028506,6.682704513360417,"hypothetical protein, conserved",2.5097
Tb927.11.5490,-0.07796851834780899,5.359190199155811,"Polyphosphoinositide phosphatase, putative",0.61429
Tb927.11.5500,1.403804752945069,-inf,"Mitochondrial SSU ribosomal protein, putative",0.83706
Tb927.11.5520,1.403804752945069,-inf,triosephosphate isomerase,1.4027
Tb927.11.5650,-3.2494002578272356,6.152960674304249,"replication factor C, subunit 1, putative",0.5875
Tb927.11.5780,1.403804752945069,-inf,"DNA-directed RNA polymerase, mitochondrial",3.0465
Tb927.11.6050,-4.180647081262136,6.909379494377562,"Flagellar-associated PapD-like, putative",8.5742
Tb927.11.6160,-2.2242718260583416,5.960841648374215,"eukaryotic release factor 3, putative",0.72228
Tb927.11.6170,-3.735967325613425,6.4657396592038605,"protein transport protein SEC31, putative",4.2316
Tb927.11.6280,-1.8458635905676164,5.919140877401156,pyruvate phosphate dikinase,3.0299
Tb927.11.630,-3.3062419463567725,6.5923433345820435,RNA polymerase I second largest subunit,6.0237
Tb927.11.6350,-0.2567893997732314,5.371252629124939,"AAA ATPase, putative",1.058
Tb927.11.6370,-5.091028751325288,7.747505027465768,"leucine-rich repeat protein (LRRP), putative",23.623
Tb927.11.6420,-3.057018440323491,6.4816862237440995,"hypothetical protein, conserved",1.1153
Tb927.11.6460,-6.756266590656058,7.451126051617077,"hypothetical protein, conserved",22.03
Tb927.11.6540,-0.995796652974991,7.067703044040066,"hypothetical protein, conserved",4.9358
Tb927.11.6740,-1.4152991226533551,5.527165718137626,"pumilio/PUF RNA binding protein 10, putative",1.9016
Tb927.11.6790,-4.718918637479312,6.6799545453615625,Nucleolar protein 89,4.5581
Tb927.11.6810,-1.0692141978951046,5.6878677036179885,"tubulin-tyrsoine ligase-like protein, putative",0.828
Tb927.11.6920,1.403804752945069,-inf,"hypothetical protein, conserved",0.52545
Tb927.11.7210,0.3270988742088555,6.912673658016198,"eukaryotic translation initiation factor 2-alpha kinase 1, putative",3.7997
Tb927.11.7380,-0.4632625599186622,8.063783560597356,"glycerol-3-phosphate dehydrogenase (FAD-dependent), mitochondrial",25.364
Tb927.11.7510,-1.5663851768556802,9.099853219884382,"luminal binding protein 1 (BiP), putative",191.31
Tb927.11.7530,-3.0415640417472494,6.086644520610805,"long-chain-fatty-acid-CoA ligase, putative",1.4939
Tb927.11.7560,-5.667308513376167,6.9864626932102425,Component of motile flagella 15,8.0367
Tb927.11.7840,-2.082070165018918,5.9356734952364585,ribonucleoside-diphosphate reductase large chain,1.357
Tb927.11.810,-1.2486448033153574,5.618058561513286,"hypothetical protein, conserved",0.63758
Tb927.11.8160,-4.00588005165618,7.25244037654914,"dynein heavy chain, putative",24.533
Tb927.11.8270,-1.9830293385592945,5.920884761697163,"hypothetical protein, conserved",1.8641
Tb927.11.8350,-3.1403143605335346,6.143420785129937,"katanin p60 ATPase containing subunit A, putative",2.1149
Tb927.11.8950,-2.994202907152312,6.923751608035892,leucine rich repeat,12.625
Tb927.11.900,1.403804752945069,-inf,"isocitrate dehydrogenase, putative",1.5683
Tb927.11.9220,3.1986877226065586,6.417637739652229,proteasome regulatory non-ATP-ase subunit 2,0.70243
Tb927.11.9400,-3.0464621099624285,7.553020861135004,"hypothetical protein, conserved",22.62
Tb927.11.980,-3.424719386560798,7.147243359543369,Nucleoporin NUP158,13.998
Tb927.11.9890,-2.2650562576210076,6.725233538494038,"signal recognition particle receptor alpha subunit, putative",3.1964
Tb927.11.9980,-2.671105790602031,7.5759264411633405,"2-oxoglutarate dehydrogenase E1 component, putative",14.573
Tb927.2.100,3.8407124017759546,5.57063632650346,"retrotransposon hot spot protein 1 (RHS1), putative",1.023
Tb927.2.1810,-1.2113345196635492,5.805555226521253,chromatin-remodeling complex atpase chain iswi,2.0648
Tb927.2.2160,-5.914931126067267,6.742308700116073,"paraflagellar rod component, putative",3.4393
Tb927.2.2470,1.1599521371123322,5.9628947177274485,Kinetoplastid RNA editing protein 1,0.53889
Tb927.2.2520,0.35650822274763455,6.556338690466229,Mitochondrial outer membrane protein porin 2,1.9779
Tb927.2.2530,-3.0536016916277933,7.4130649468374115,"hypothetical protein, conserved",21.224
Tb927.2.2650,1.403804752945069,-inf,"hypothetical protein, conserved",1.0556
Tb927.2.270,-2.09384697516527,5.678308920296866,"retrotransposon hot spot protein 3 (RHS3), frameshift",0.58762
Tb927.2.400,-4.176373202151487,6.554416468651753,"retrotransposon hot spot protein 2 (RHS2), putative",2.8547
Tb927.2.2970,0.7023199423912729,6.336759833698248,mitochondrial carrier protein,1.2274
Tb927.2.3030,0.234261202697641,7.849671194740993,"ATP-dependent Clp protease subunit, heat shock protein 78 (HSP78), putative",24.924
Tb927.2.340,0.042648051639712345,7.194292281551973,"retrotransposon hot spot protein 4 (RHS4), putative",8.2861
Tb927.2.4050,-7.635098328613115,7.4885789165252525,"hypothetical protein, conserved",18.118
Tb927.2.4060,-6.426471899304291,7.202951245040243,Dynein intermediate chain 138,4.6429
Tb927.2.4090,4.418453442759864,5.340701838731677,"signal recognition particle receptor beta subunit, putative",1.189
Tb927.2.4130,-3.72845154714336,7.10329047155775,"enoyl-CoA hydratase/Enoyl-CoA isomerase/3-hydroxyacyl-CoA dehydrogenase, putative",4.066
Tb927.2.4200,0.9724636078416168,7.797835146584295,"CMGC/CLK family protein kinase, putative",0.9141100000000001
Tb927.2.4230,-3.5842188263013095,7.723628042060789,"NUP-1 protein, putative",13.937999999999999
Tb927.2.4280,-0.7607845563119023,5.509726586343525,"kinetoplastid-specific dual specificity phosphatase, putative",0.74228
Tb927.2.4330,-6.83404865575171,7.402502112664219,"paraflagellar rod protein 5, putative",13.619000000000002
Tb927.2.4400,-4.782673606993564,6.998995619239886,"SSU ribosomal protein, mitochondrial, putative",0.65477
Tb927.2.450,-0.9155442814335005,5.485011214578573,"retrotransposon hot spot protein 4 (RHS4), putative",0.7972
Tb927.2.4520,-5.326197417741048,7.112973459333155,"hypothetical protein, conserved",6.7322
Tb927.2.4810,-7.592380536380262,7.897065994337776,Component of motile flagella 5,51.165
Tb927.2.5270,-2.636800753345905,6.862113482193648,"dynein heavy chain, putative",16.132
Tb927.2.5760,-2.514116892951125,7.011020355516257,Flagellar Member 8,8.5342
Tb927.2.5860,-3.4383110345627608,6.636838800899878,"hypothetical protein, conserved",4.71
Tb927.2.5870,-3.8815909235453545,7.876460330969513,"hypothetical protein, conserved",14.089
Tb927.2.6000,-4.635782689960299,6.3460398565698055,glycosylphosphatidylinositol-specific phospholipase C,2.5929
Tb927.2.6050,-0.9050048897230534,6.608878888173016,beta prime COP protein,3.1018
Tb927.3.1010,-4.096384238870929,7.958936385357083,"hypothetical protein, conserved",81.749
Tb927.3.1060,-2.6567414432321983,6.692194547361108,cAMP Response Protein 4,3.2893
Tb927.3.1120,-0.8274629183052434,6.847844008405487,"GTP-binding nuclear protein rtb2, putative",3.4195
Tb927.3.1190,-2.1173731521377883,6.33683982531461,"hypothetical protein, conserved",0.56102
Tb927.3.1200,-3.996083736758828,6.563231828520982,"hypothetical protein, conserved",6.0862
Tb927.3.1210,-4.069197332702966,6.503600041761465,protein transport protein Sec24,2.342
Tb927.3.1350,-1.488386289349686,5.765862193513949,"hypothetical protein, conserved",1.1241
Tb927.3.1590,-0.9276062003682694,6.52172633728741,mitochondrial RNA binding complex 1 subunit,2.8176
Tb927.3.1620,-2.891189223680335,6.482616359400837,"ER-golgi trafficking TRAPP I complex 85 kDa subunit, putative",5.0205
Tb927.3.1670,-6.331745920962531,7.320831473445246,"hypothetical protein, conserved",10.615
Tb927.3.1840,-1.1010935394626122,7.5898602770798345,"3-oxo-5-alpha-steroid 4-dehydrogenase, putative",6.5551
Tb927.3.1900,-7.435916749648876,7.701239765826043,"conserved protein, unknown function",22.307
Tb927.3.1920,-2.8495580779998066,6.775493940985266,General negative regulator of transcription subunit 5,5.3238
Tb927.3.2050,-3.508503835012827,6.570227611697569,Minicircle replication factor 172,0.46479
Tb927.3.2330,-4.3391602239112395,6.576583197552172,kinetoplastid kinetochore protein 17,2.3065
Tb927.3.2480,1.403804752945069,-inf,"Arv1-like family, putative",1.3739
Tb927.3.2490,-5.888573020223874,7.181700704415961,"hypothetical protein, conserved",4.2556
Tb927.3.2600,-3.659756169613101,6.782178695123661,"ATP-dependent DEAD/H RNA helicase, putative",5.8636
Tb927.3.2620,-0.4283528823634976,5.475424194818204,"hypothetical protein, conserved",2.1295
Tb927.3.2810,1.403804752945069,-inf,"hypothetical protein, conserved",1.1422
Tb927.3.2950,-2.8200032549584684,6.102296466153601,ribonuclease inhibitor- like protein,3.2302
Tb927.3.3110,-3.4835279939666353,6.542240166289717,"Condensin complex subunit 3, putative",2.9283
Tb927.3.3130,-2.4979751142359046,6.319709694287983,Present in the outer mitochondrial membrane proteome 24,2.8139999999999996
Tb927.3.3170,-4.467075957865052,6.6653839661143275,SUMO-interacting motif-containing protein,1.4552
Tb927.3.3180,-3.970446311515759,6.5184876182025615,Nucleoporin NUP98,2.6684
Tb927.3.3270,-0.5423107915261975,8.105237600746023,"ATP-dependent 6-phosphofructokinase, glycosomal",22.84
Tb927.3.3300,-7.970809057178721,7.840971310618754,Flagellum attachment zone protein 19,52.79600000000001
Tb927.3.3320,-8.51949864404364,7.616107757092463,"60S ribosomal protein L13, putative",17.072
Tb927.3.3560,-1.1130063503427308,7.1192558892779365,"U-box domain containing protein, putative",2.9267
Tb927.3.3670,-2.944139042801577,6.00177696707744,Triple RNA binding domain protein 3,0.73966
Tb927.3.3690,-3.0952808690630205,7.839176261863019,"flagellar radial spoke protein-like, putative",45.891999999999996
Tb927.3.3850,-6.258584094848146,7.396286546068402,COPII coat assembly protein sec16,15.614
Tb927.3.4030,-1.5238316758971209,5.851582419433653,"hypothetical protein, conserved",2.1191
Tb927.3.4070,-0.5622724430371757,7.560898506429743,"Pyruvate transporter, putative",3.733
Tb927.3.4120,-0.9788534220488592,7.043480170022551,"hypothetical protein, conserved",6.5392
Tb927.3.4230,-2.0740508713114854,6.129818743848935,"serine peptidase, clan SB, family S8-like protein",4.2031
Tb927.3.4270,-3.818868214999687,6.602938548414682,"hypothetical protein, conserved",3.8339
Tb927.3.4380,1.403804752945069,-inf,"sorting assembly machinery 50 kDa subunit, putative",1.6068
Tb927.3.4570,6.159914412525503,6.563160585987702,"N-acetylglucosamyl transferase component GPI1, putative",2.6263
Tb927.3.4720,-4.151836933781408,7.300095257323717,dynamin-1-like protein,6.1771
Tb927.3.4800,3.5702564598812083,6.418367590759902,"hypothetical protein, conserved",0.88997
Tb927.3.4980,-5.95386178560559,6.960166236534378,"hypothetical protein, conserved, frameshift",7.0775
Tb927.3.5020,-3.831552320200354,6.713750873736441,Flagellar Member 6,5.1417
Tb927.3.5040,-6.212794643837527,7.08536194368613,"hypothetical protein, conserved",12.027999999999999
Tb927.3.5050,-3.5736789626984047,7.4945997959865975,60S ribosomal protein L4,12.298
Tb927.3.5310,-4.3469583539804715,7.136435170458382,paraflagellar rod protein,17.980999999999998
Tb927.3.5380,-4.848531175634068,6.638339474410679,"Tubulin-tyrosine ligase family, putative",0.8991100000000001
Tb927.3.5440,1.403804752945069,-inf,"SNF2 DNA repair protein, putative",0.5234800000000001
Tb927.3.5520,0.8554706698602885,6.521059589656426,26S proteasome regulatory non-ATPase subunit,2.7339
Tb927.3.5530,1.403804752945069,-inf,Tb-292 membrane associated protein,0.5123800000000001
Tb927.3.5620,-4.223603814089896,7.35310802614815,Facilitates chromatin transcription complex subunit spt16,6.0061
Tb927.3.930,-4.103410786449409,8.058008232715402,"dynein heavy chain, putative",71.23100000000001
Tb927.3.980,-11.815783517666247,9.1744959193753,"hypothetical protein, conserved",3.0533
Tb927.4.1250,5.257329921198239,6.45486009814405,"peroxisome biogenesis factor 1, putative",2.3234
Tb927.4.1300,-2.529708505125285,5.761160759359931,"amidinotransferase, putative",1.0117
Tb927.4.1500,-2.025663197151471,6.359019228292674,RNA editing associated helicase 2,4.4091
Tb927.4.1510,-1.6864160653799984,7.305200845276408,"phospholipid-translocating ATPase, putative",9.0176
Tb927.4.1540,5.7701543135137445,6.287936027044703,"NAD dependent epimerase/dehydratase family, putative",1.375
Tb927.4.1800,-3.712829993047521,7.381818771625734,Mitochondrial ribosomal protein L3,17.255
Tb927.4.1850,-1.7654891636030707,5.733750818262289,"hypothetical protein, conserved",1.5919999999999999
Tb927.4.1860,1.403804752945069,-inf,"ribosomal protein S19, putative",1.0285
Tb927.4.2070,-4.330633435786235,7.830415429543412,"antigenic protein, putative",28.272
Tb927.4.2080,-4.530302027911223,7.878860596838407,Coiled-coil and C2 domain-containing protein,32.235
Tb927.4.2140,1.403804752945069,-inf,Component of motile flagella 8,1.4493
Tb927.4.2180,-6.366478200341363,6.541878654149342,"60S ribosomal protein L35a, putative",1.6267
Tb927.4.2300,-4.5952038227697765,6.715618990027021,"hypothetical protein, conserved",2.6316
Tb927.4.2450,-3.3776606417822026,6.07459704459004,protein disulfide isomerase 1,4.378
Tb927.4.2600,-2.932368629826443,6.524344185428116,SUMO-interacting motif-containing protein,3.1336
Tb927.4.2760,-1.9274694835193689,6.828949759005728,"Protein of unknown function (DUF3808), putative",2.7562
Tb927.4.2850,-1.9240106936666048,5.781640504723372,"hypothetical protein, conserved",1.7249
Tb927.4.2880,-3.649479414090545,6.6918768225593315,Nucleoporin NUP225,6.5811
Tb927.4.2890,4.257651488081076,5.772130927384365,"hypothetical protein, conserved",0.551
Tb927.4.2920,1.403804752945069,-inf,"hypothetical protein, conserved",0.57002
Tb927.4.310,-1.2665325232505524,6.482072829694734,"SPRY domain/HECT-domain (ubiquitin-transferase), putative",4.8899
Tb927.4.3160,-4.158716484283836,7.2256193813333995,"dihydroxyacetone phosphate acyltransferase, putative",13.567
Tb927.4.3380,-1.3010632326390517,5.78625439578978,"myosin IB heavy chain, putative",4.4035
Tb927.4.3420,-1.7494701182459211,5.571452603996758,wee1-like protein kinase,1.2519
Tb927.5.1610,-7.666508911777207,7.010850957373923,"60S ribosomal protein L13a, putative",4.8776
Tb927.4.3740,-3.1010954308272147,8.200084063662151,flagellar attachment zone protein 1,59.573
Tb927.4.3810,-1.460877513355193,6.849333406373725,"DNA-directed RNA polymerase II subunit 2, putative",4.0792
Tb927.4.4050,-1.3565993831776226,5.650589188820173,glycosomal transporter (GAT1),1.4668
Tb927.8.8200,-1.9130349104778048,5.874904889229176,"Flagellar-associated protein 59, putative",0.54267
Tb927.8.8180,4.468194437379307,6.005609445360281,RNA editing mediator complex protein 4,0.9595
Tb927.4.4160,-4.044086169682975,6.611468390479829,RNA editing mediator complex protein 5,3.1265
Tb927.4.4310,-3.702907321269852,7.842184721496529,Nucleoporin NUP64,35.166
Tb927.4.4490,-3.2451527370222153,7.117271295655764,multidrug resistance protein E,8.0845
Tb927.4.450,-0.7615427011886137,6.279552881150386,"coatomer alpha subunit, putative",1.2078
Tb927.4.4570,-4.091128254138052,6.6046471793073565,"hypothetical protein, conserved",6.1752
Tb927.8.7470,-2.9959649876672145,5.9666344360748775,"hypothetical protein, conserved",0.5211899999999999
Tb927.8.7400,-4.598159941957912,7.086502198970369,RNA polymerase IIA largest subunit,10.75
Tb927.4.5200,-3.341600530009487,5.965121704425865,Nucleoporin NUP62,0.9852299999999999
Tb927.4.5380,-6.912343248103797,7.590942096433143,Cilia- and flagella-associated protein 43,37.338
Tb927.4.560,-4.658953989624503,7.499783276438258,"Cytoplasmic dynein 2 heavy chain (DYNC2H1), putative",38.594
Tb927.4.590,5.474353849078248,6.402089350572097,"PQQ-like domain/Protein of unknown function (DUF1620), putative",1.0772
Tb927.4.620,-1.5680041403568257,6.187746269780459,"hypothetical protein, conserved",2.7961
Tb927.4.760,-3.8383600744795268,6.457881896733992,"AP-1 adapter complex gamma subunit, putative",4.3898
Tb927.4.870,-3.6027928342405096,7.1866456105960035,"dynein heavy chain, putative",8.9672
Tb927.5.1210,8.667602357088795,6.953571247242377,"short-chain dehydrogenase, putative",3.2377
Tb927.5.1680,-0.6441883632418423,5.672245677706343,"hypothetical protein, conserved",4.3627
Tb927.5.1900,-3.5890010359352464,6.878090733945318,"Outer dynein arm docking complex protein 1, putative",9.8923
Tb927.5.2140,-2.2691802475924727,6.065019214136254,regulator of nonsense transcripts 1,2.2640000000000002
Tb927.5.2410,-3.315042753365629,6.534444960088947,"kinesin, putative",1.7843
Tb927.5.2510,3.879160830084036,5.5921434342902145,"hypothetical protein, conserved",0.79671
Tb927.5.2530,1.403804752945069,-inf,RNA cytidine acetyltransferase,0.55457
Tb927.5.2820,-3.958923162593092,6.679618653543475,"Serine/threonine-protein kinase NEK6, putative",6.06
Tb927.5.2850,-5.429659255379893,7.822860828000024,"radial spoke protein RSP2, putative",12.822000000000001
Tb927.5.2890,-3.207488841821665,6.716253825896037,"AAA domain (dynein-related subfamily)/von Willebrand factor type A domain containing protein, putative",5.2446
Tb927.5.2950,-1.1856988699532156,6.626165793139279,Component of motile flagella 3,4.9311
Tb927.5.3030,0.44702895974258955,6.3227979683463875,Intraflagellar transport protein 121,1.8949
Tb927.5.3250,-2.326594780246477,6.192232822924277,"hypothetical protein, conserved",4.3874
Tb927.5.3400,-1.3313238194886499,7.582597375841483,calcium-translocating P-type ATPase,11.508
Tb927.5.3510,-2.536142977548822,6.290034611362518,"structural maintenance of chromosome 3 , putative",1.5381
Tb927.5.3600,5.566557690800848,6.497054109547331,"ATP-dependent DEAD/H RNA helicase, putative",3.8963
Tb927.5.3610,4.547823890634079,6.1917862475822,"adaptor complex protein (AP) 3 delta subunit 1, putative",1.2713
Tb927.5.3800,-0.2817688951537072,7.148108857729697,"glutamine hydrolysing (not ammonia-dependent) carbomoyl phosphate synthase, putative",13.370999999999999
Tb927.5.3810,-1.427844410997391,6.8312104768719095,"orotidine-5-phosphate decarboxylase/orotate phosphoribosyltransferase, putative",2.7557
Tb927.5.4260,-1.0488505003127155,7.076057595762826,"histone H4, putative",5.4983
Tb927.5.530,2.6231579947114474,6.355470676937438,"hypothetical protein, conserved",1.2605
Tb927.5.5420,5.851206289552672,6.279347492410732,"Variant Surface Glycoprotein, putative",0.5511199999999999
Tb927.5.570,1.403804752945069,-inf,"hypothetical protein, conserved",1.6973
Tb927.5.890,1.3450348065779687,7.288874945835279,"oligosaccharyl transferase subunit, putative",9.7962
Tb927.6.1500,-6.034980913585288,7.110151828518272,alkyl-dihydroxyacetone phosphate synthase,4.5813
Tb927.6.1660,-5.496229917214398,6.815584388861907,"hypothetical protein, conserved",8.6899
Tb927.6.1730,-1.5826234868751388,7.4586227428679095,"hypothetical protein, conserved",22.041
Tb927.6.1880,-2.6426040410687124,6.003848122034298,"aspartyl-tRNA synthetase, putative",0.8447
Tb927.6.2210,-1.3796956226036163,5.7753409780727525,"hypothetical protein, conserved",0.52669
Tb927.6.2640,-2.5873659923671464,5.832476978114369,"importin alpha subunit, putative",1.4397
Tb927.6.3010,-1.8836432268986498,6.740038821969381,"PH domain containing protein, putative",6.0367
Tb927.6.3090,-3.8697229033063865,6.828337600059005,microtubule associated protein xmap215,8.558
Tb927.6.3150,-2.003328717433358,6.597651315580316,Hydin,6.4173
Tb927.6.3280,-1.3118718811287136,5.9342105094678015,"cyclosome subunit 1, putative",0.66245
Tb927.6.3450,-4.837516629951767,6.676903848688648,"hypothetical protein, conserved",0.97319
Tb927.6.3500,-4.857360314453255,7.3100344691359895,"endosomal trafficking protein RME-8, putative",14.977
Tb927.6.3630,4.211638530062944,5.57075303154861,"sphingosine 1-phosphate lyase, putative",0.55882
Tb927.6.3670,-3.0048710722147023,6.8066343882036655,"paraflagellar rod component, putative",9.5775
Tb927.6.3800,2.6496229806254026,9.35281901669987,"heat shock 70 kDa protein, mitochondrial precursor, putative",185.47
Tb927.6.4300,1.3651158468026487,8.500634350036307,"glyceraldehyde 3-phosphate dehydrogenase, glycosomal",32.638000000000005
Tb927.6.4390,1.403804752945069,-inf,"kinesin, putative",1.2195
Tb927.6.4550,0.11713334257303082,7.241621180791424,"hypothetical protein, conserved",13.878
Tb927.6.4600,-1.2798166343245632,5.739461581278475,"pre-mRNA splicing factor ATP-dependent RNA helicase, putative",0.79671
Tb927.6.4710,-3.190739199764166,6.2060429010925215,"calmodulin, putative",0.63515
Tb927.6.4770,-0.038671702815416424,7.309694029565843,"protein mkt1, putative",5.8019
Tb927.6.5030,-4.668013385813096,6.617744507735509,Component of motile flagella protein 46,1.1512
Tb927.9.15190,-6.545386394136183,6.531197812010173,"ribosomal protein L15, putative",1.8175
Tb927.6.5070,-5.522816454038522,6.7480328941301435,"hypothetical protein, conserved",2.1803
Tb927.6.5150,1.403804752945069,-inf,"hypothetical protein, conserved",1.6737
Tb927.6.620,-1.7595961444172512,6.2515652236446275,"hypothetical protein, conserved",2.1646
Tb927.6.820,-2.6872384308869717,6.243732364552649,Pumilio homology domain family member 4,1.4709999999999999
Tb927.6.890,-1.4390202270483847,5.912992153036452,"hypothetical protein, conserved",2.9179
Tb927.6.920,-0.47696822869680583,5.294422133112984,"helicase, putative",1.023
Tb927.7.1300,-5.019413471890111,6.637749828028324,"protein disulfide isomerase, putative",2.0868
Tb927.7.1310,-5.731347503458517,7.287891265954026,"hypothetical protein, conserved",10.864
Tb927.7.1920,-4.689582501752834,6.539703238947825,"paraflagellar rod component, putative",3.2230000000000003
Tb927.7.2300,-4.084153256731828,6.710878617685173,Nucleoporin NUP132,1.5371
Tb927.7.2320,-3.2519738879103497,6.219924913188828,"cyclic nucleotide-binding domain containing protein, putative",1.6965
Tb927.7.2330,-1.2155125814458085,6.70199084929292,"Protein of unknown function (DUF1663), putative",7.7414
Tb927.7.2650,-2.7952601147809935,7.8429024142057004,"hypothetical protein, conserved",20.04
Tb927.7.2700,-3.1853189061011644,5.916174857589398,"NADH-cytochrome b5 reductase, putative",3.5386
Tb927.7.2790,-2.960091660505732,6.036269495742816,Component of motile flagella 10,2.2204
Tb927.7.2940,-2.9352736240144193,6.92868767383083,"histone H2A, putative",2.8532
Tb927.7.2950,1.403804752945069,-inf,"ATPase family associated with various cellular activities (AAA), putative",3.5669
Tb927.7.3040,-3.32900350474988,6.1022621494942735,F-box and WD40 domain containing protein,2.7034
Tb927.7.3160,0.4665684685524516,5.558948445978039,"Cytoplasmic dynein 1 heavy chain (DYNC1H1), putative",2.4061
Tb927.7.3330,-3.581054137629909,8.274573464196472,Flagellar attachment zone protein 10,26.013
Tb927.7.3370,-2.4223277848657654,6.064532861131578,"Intraflagellar transport protein 74, putative",0.54096
Tb927.7.3550,-3.6871234019507875,8.078782960196964,"cytoskeleton associated protein, putative",74.664
Tb927.7.3560,-6.955388739973541,7.798968137412551,Component of motile flagella 7,42.236000000000004
Tb927.7.3740,-6.612980827697827,8.055187138555754,SUMO-interacting motif-containing protein,43.788999999999994
Tb927.7.3820,-3.692774533547809,6.250346800440827,"hypothetical protein, conserved",3.5188
Tb927.7.3880,-2.048276406240001,5.908206123012877,Basal body protein,1.7964
Tb927.7.3980,-6.568887018152278,7.310990527134579,tc40 antigen-like,9.6566
Tb927.7.4100,-5.365760147622485,6.6605714236961155,"Domain of unknown function (DUF4201), putative",10.36
Tb927.7.4180,2.840252308163928,6.322426052405953,Fatty acid elongase,4.694
Tb927.7.4460,-1.6005689855915608,6.8694781412698545,"von Willebrand factor type A domain containing protein, putative",6.1154
Tb927.7.5090,-5.033836307757325,6.842140997536197,"condensin complex subunit 2, putative",5.7996
Tb927.7.5190,-6.1520308032504385,7.327195404503233,"hypothetical protein, conserved",0.47431999999999996
Tb927.7.5210,-1.6743673396299827,5.780425332158592,"Putative Phosphatase/Protein of unknown function DUF89, putative",1.452
Tb927.7.5230,1.0594808450020434,6.0220157398177205,lanosterol synthase,0.98654
Tb927.7.5290,5.2198410855607635,6.301225384221708,"hypothetical protein, conserved",1.2487
Tb927.7.5300,-4.637465583607919,6.648525889549791,"C2 domain/Ankyrin repeats (3 copies), putative",11.404000000000002
Tb927.7.5470,-3.2845376974632097,6.142107771731307,Present in the outer mitochondrial membrane proteome 36,1.6263
Tb927.7.5660,-6.3873985492456224,7.16025838620267,"Outer dynein arm docking complex protein 2, putative",14.347000000000001
Tb927.7.5790,1.403804752945069,-inf,"protein disulfide isomerase, putative",0.80143
Tb927.7.5890,-1.0457791783054835,6.617576919481,"hypothetical protein, conserved",1.2104
Tb927.7.6090,-1.4488444901515536,5.629032231071028,eukaryotic translation initiation factor 3 subunit a,0.65196
Tb927.7.6260,4.593282721834375,5.649490631483505,"TPR repeat, putative",0.62795
Tb927.7.6280,-2.7421553629216944,6.108531198857869,"Domain of unknown function (DUF3508), putative",1.0737
Tb927.7.6290,-2.028406857941908,6.574910547175192,"kinesin, putative",7.3808
Tb927.7.6590,-3.5329614071711486,6.42992983624063,"hypothetical protein, conserved",3.2923
Tb927.7.6610,-3.985945161510735,6.6255388014110395,"hypothetical protein, conserved",4.0111
Tb927.7.6630,1.403804752945069,-inf,Kinetochore interacting protein 5,0.58668
Tb927.7.6640,-2.751546186872927,6.480078840065485,"hypothetical protein, conserved",2.294
Tb927.7.6900,-1.1711180857804013,5.361387820312597,Sister chromatid cohesion protein 1,0.68353
Tb927.7.6910,-4.965584523597334,7.9147767061445755,"Phosphatidylinositol 4-phosphate 5-kinase, putative",33.881
Tb927.7.6980,-0.41415561830944364,5.460942922888959,"Mono-functional DNA-alkylating methyl methanesulfonate N-term/CPSF A subunit region, putative",0.70838
Tb927.7.7000,-2.829111436014315,6.535395401405614,"hook complex protein, conserved",5.1021
Tb927.7.7030,-5.619326467311797,6.910795101356724,"zinc-finger of a C2HC-type, putative",3.9389999999999996
Tb927.7.710,-0.8885699810059249,6.32333461859905,"heat shock 70 kDa protein, putative",3.0774
Tb927.7.7160,-3.596395472025189,6.419922721037603,"kinetoplastid-specific dual specificity phosphatase, putative",1.9755
Tb927.7.7170,-2.2916636293675485,5.855155577176994,"CYC2-like cyclin, putative",1.9853
Tb927.7.7410,1.403804752945069,-inf,"Trans-2-enoyl-ACP reductase 2, putative",1.2013
Tb927.7.760,-1.6601219693092801,6.630570243320645,"hypothetical protein, conserved",1.5904
Tb927.7.920,-3.1384626791752623,6.959475469800412,Inner arm dynein 5-1,9.4409
Tb927.7.990,0.5010480884306201,5.917689271236512,"chaperone protein DnaJ, putative",0.61429
Tb927.8.1050,-0.8131480650673772,5.915616137034126,SUMO-interacting motif-containing protein,1.7789
Tb927.8.1180,0.08849334071182097,6.365824806859364,vacuolar-type Ca2+-ATPase 1,1.4731
Tb927.8.1200,1.403804752945069,-inf,vacuolar-type Ca2+-ATPase 2,0.5382100000000001
Tb927.8.1210,-0.39972709021646496,7.711300959916166,"hypothetical protein, conserved",27.976999999999997
Tb927.8.1290,-0.68134219571728,5.989387516858672,SUMO-interacting motif-containing protein,5.3993
Tb927.8.1340,-7.140272482952872,6.901610869826982,"60S ribosomal protein L7a, putative",8.8506
Tb927.8.1500,-3.8262047841634437,6.191423066687808,"hypothetical protein, conserved",7.9696
Tb927.8.1510,-3.0292281322110672,6.885971517631692,"ATP-dependent RNA helicase DBP2B, putative",1.3675
Tb927.8.1540,-4.4267758350295585,6.690373306916059,"hypothetical protein, conserved",3.9564
Tb927.8.1550,-3.6007951543251684,8.183497610559353,"paraflagellar rod component, putative",38.592
Tb927.8.1560,-2.6583159645918326,6.013847995871831,"hypothetical protein, conserved",0.96521
Tb927.8.1840,-1.3674482875484129,6.743196081448701,"Sec7 domain containing protein, putative",5.3553
Tb927.8.1860,1.297677249767852,6.307003701163156,pitrilysin-like metalloprotease,0.701
Tb927.8.1950,5.310428586921305,6.288584544967285,"hypothetical protein, conserved",4.646
Tb927.8.1990,0.1813719239446603,6.47203934482198,peroxidoxin,1.2372
Tb927.8.2030,-1.8998958462375097,5.608761301825588,Posterior and Ventral Edge protein 1,0.65732
Tb927.8.2160,-0.8568246051087167,5.715585551893196,p-glycoprotein,0.47533000000000003
Tb927.8.2380,3.951841585314918,5.588114772097658,"ABC transporter, putative",0.74228
Tb927.8.2540,-5.713873924170246,6.788253241248314,3-ketoacyl-CoA thiolase,5.7644
Tb927.8.2620,-1.7710035636455241,5.841228035811435,SUMO-interacting motif-containing protein,1.5853
Tb927.8.2630,-2.8598078992099083,6.248929133718768,kinesin-C,1.3885
Tb927.8.2660,-1.608319624136131,6.105442054801695,"Galactose oxidase, central domain containing protein, putative",2.923
Tb927.8.2820,-1.2536670988293837,5.656117375738885,"hypothetical protein, conserved",0.47442
Tb927.8.2860,-0.7177727941697484,6.836748073870014,"hypothetical protein, conserved",3.5633
Tb927.8.3060,-8.060778472398678,7.881783955593384,"metallo-peptidase, Clan MF, Family M17",6.648
Tb927.8.3250,-3.885647669134973,7.28458863040394,"dynein heavy chain, putative",25.991999999999997
Tb927.8.3410,-3.2638705100842578,6.595430080573792,"Inositol hexakisphosphate, putative",8.1997
Tb927.8.3530,-1.5554073777644062,8.306553688337262,"glycerol-3-phosphate dehydrogenase [NAD+], glycosomal",21.666
Tb927.8.3560,-2.1061404604025245,5.914057412686207,DNA repair and recombination helicase protein PIF5,1.189
Tb927.8.3590,-1.7253446517497633,5.789510204090254,"hypothetical protein, conserved",1.567
Tb927.8.3840,-2.7007011144441346,6.020361282647708,"hypothetical protein, conserved",0.47533000000000003
Tb927.8.3870,-5.2473835214654,6.947531745695593,Nucleolar protein 127,6.6871
Tb927.8.4330,1.403804752945069,-inf,small GTP-binding protein Rab11,0.53825
Tb927.8.4370,-2.5612439121256103,6.019157847739282,"hypothetical protein, conserved",0.86435
Tb927.8.4400,-5.155136201813816,6.8613491838967136,"Outer dynein arm docking complex protein 1, putative",7.8196
Tb927.8.4460,-1.6812163496639243,5.842546836495015,"Domain of Unknown Function (DUF1042), putative",1.7567
Tb927.8.4580,-5.56996764904959,6.895350710222481,Basal body protein,7.2926
Tb927.8.4610,1.403804752945069,-inf,Ras-related protein RabX1,1.3398
Tb927.8.4780,-4.825946656136685,7.576836417070686,Flagellar Member 3,27.772
Tb927.8.4840,-1.5564746885607006,5.777615289945713,"kinesin, putative",1.1242
Tb927.8.4870,-4.923158428135884,6.921681274320938,Component of motile flagella 6,3.1171
Tb927.8.5300,-2.172377481960472,5.846652510660974,"hypothetical protein, conserved",0.6967399999999999
Tb927.8.5460,-2.5796676408742076,5.6654496510142165,Flagellar calcium-binding 44 kDa protein,0.89455
Tb927.8.5580,-0.43327668153696686,5.955529009036724,"N-terminal region of Chorein, a TM vesicle-mediated sorter/Integral peroxisomal membrane peroxin, putative",1.5936
Tb927.8.5680,-2.238396288943917,5.838641334996011,"Pyridoxal-dependent decarboxylase conserved domain containing protein, putative",0.65997
Tb927.8.5760,1.0813148311748388,6.388509715314879,"Ankyrin repeats (many copies)/Alpha/beta hydrolase family, putative",1.2347
Tb927.8.6070,-2.7827697887471565,6.469748400505167,Trypanosome basal body component protein,1.6772
Tb927.8.610,-2.4450884664281634,6.1076847196558415,"hypothetical protein, conserved",3.3642
Tb927.8.6110,-0.9500529345382912,6.6148761332650095,"3-hydroxy-3-methylglutaryl-CoA synthase, putative",1.537
Tb927.8.6160,-7.485820357331111,6.915858688958351,"40S ribosomal protein S8, putative",2.7095
Tb927.8.650,-2.2156884620546076,6.6858312746260635,"cation-transporting ATPase, putative",2.9374
Tb927.8.6580,-2.902683319425217,6.909015499129042,"Succinate dehydrogenase [ubiquinone] flavoprotein subunit, mitochondrial",7.0647
Tb927.8.6640,-2.5410222416152117,5.9310864766024105,"Male sterility protein, putative",0.662
Tb927.8.6660,-1.0282168132316682,7.841215516151545,"paraflagellar rod component, putative",16.646
Tb927.8.6730,-2.5626981072824546,5.920159863952903,Enriched in surface-labeled proteome protein 24,1.3541
Tb927.8.7100,-6.076862674063838,7.587823171318955,acetyl-CoA carboxylase,41.286
Tb927.8.7260,-4.128321028267483,6.54061724032821,"kinetoplast-associated protein, putative",5.1505
Tb927.8.780,-5.454697662950905,7.015611204503513,"hypothetical protein, conserved",1.0583
Tb927.8.7940,-2.9914194007679265,6.413953229155415,"receptor-type adenylate cyclase GRESAG 4, putative",4.1189
Tb927.8.7950,-4.70925499669761,7.10171271384651,Flagellar Member 4,7.2321
Tb927.8.7970,-4.388718567195313,7.349413526814732,hypothetical protein,8.6461
Tb927.8.8170,-1.2891729821148838,6.975404233381034,RNA editing mediator complex protein 5,7.0366
Tb927.8.8330,-1.0786080205057984,7.858597344994693,"cysteine peptidase, putative",7.3272
Tb927.8.890,-1.6688315447618187,6.623931217495533,Ras-related protein Rab1A,4.3364
Tb927.8.900,1.403804752945069,-inf,splicing factor TSR1,0.92958
Tb927.9.10010,1.403804752945069,-inf,"chaperone protein DnaJ, putative",0.55595
Tb927.9.10100,1.403804752945069,-inf,"SET domain-containing protein, putative",0.60073
Tb927.9.10310,-0.1697223538897164,7.101884487167542,mitochondrial carrier protein 11,8.7893
Tb927.9.10530,-4.7421202605322454,6.892055625795679,Flagellum attachment zone protein 4,5.5565
Tb927.9.10770,-8.258307298845471,7.85487662739057,polyadenylate-binding protein 2,22.584
Tb927.9.10960,-1.2283767777073957,5.563350540112007,"ATP-dependent DEAD/H RNA helicase, putative",1.3267
Tb927.9.11150,-1.7804831442842892,6.496500674215622,"hypothetical protein, conserved",4.1392
Tb927.9.11270,-3.35708701412823,6.2433357485598755,"t- complex protein 1 (eta subunit), putative",1.324
Tb927.9.11480,-3.8451445057264775,6.2404993265075115,Enriched in surface-labeled proteome protein 9,7.0867
Tb927.9.11600,-5.551648544067789,6.59577170200094,glycosomal membrane protein,2.1937
Tb927.9.11850,-3.068415648681359,6.465278727276416,"structural maintenance of chromosome 1, putative",0.66571
Tb927.9.12510,-2.0580613197092337,6.664876919831211,"ATP-dependent DEAD/H RNA helicase, putative",3.4578
Tb927.9.12630,-1.3059402096032469,8.60400993241223,"glycerol kinase, glycosomal",43.468
Tb927.9.12650,-2.0662727505174487,6.062657180225564,"ubiquitin-activating enzyme E1, putative",0.93181
Tb927.9.12990,-3.2703325588603542,6.4340256963562465,"hypothetical protein, conserved",3.7814
Tb927.9.13440,-4.984168055505923,7.651723712588621,Flagellar Member 5,28.46
Tb927.9.13610,-1.6825764850519818,5.960009124096149,"helicase, putative",0.87011
Tb927.9.1380,1.403804752945069,-inf,"hypothetical protein, conserved",2.0887
Tb927.9.14240,-3.7815653017986643,6.344628025694105,Nucleoporin NUP82,2.3926
Tb927.9.14280,7.625153088689615,7.217668151286278,"hypothetical protein, conserved",5.6698
Tb927.9.15070,0.2753097034190429,6.155062619223921,"hypothetical protein, conserved",0.7205600000000001
Tb927.9.15360,-8.046536780650253,7.331751125024443,"40S ribosomal protein S6, putative",7.1838
Tb927.9.15460,2.671914158731177,6.686377045000958,"calcium motive p-type ATPase, putative",1.6156
Tb927.9.1600,-1.5733070876056845,7.069260986284746,"hypothetical protein, conserved",11.784
Tb927.9.1750,-4.230608572943813,7.28316549046775,"Fibronectin type III domain containing protein, putative",12.118
Tb927.9.1850,-5.392717328899922,5.662408367294865,"60S ribosomal protein L35, putative",0.6009399999999999
Tb927.9.1880,-3.4064402965406653,7.157970243604713,"WD domain, G-beta repeat, putative",9.9867
Tb927.9.2075,-2.206562644770484,6.54130460314287,hypothetical protein,4.6224
Tb927.9.2470,-1.1075716236155038,7.972795075043795,nucleolar protein,18.199
Tb927.9.2760,-2.8241376836325367,6.026001817357177,"EB1-like C-terminal motif containing protein, putative",2.3111
Tb927.9.2900,-3.0967627237199085,6.687073917596242,"U3 small nucleolar RNA-associated protein 10, putative",6.9538
Tb927.9.3130,-4.0018791744746505,6.30031281793437,"hypothetical protein, conserved",1.8843
Tb927.9.3990,-3.8974755110977055,5.943880164328949,"ribosomal protein S7, putative",0.7712600000000001
Tb927.9.4190,4.955216797567309,6.127331609380022,fatty acyl CoA syntetase 1,0.9192299999999999
Tb927.9.4230,0.21522452132355985,7.153418485037711,fatty acyl CoA synthetase 4,6.3856
Tb927.9.4900,-0.4543757390328414,5.481342284852483,"condensin subunit 1, putative",1.1264
Tb927.9.5040,-3.7529685886815485,7.375901268009488,cAMP-specific phosphodiesterase,6.4274
Tb927.9.5260,1.403804752945069,-inf,"ERAD-associated E3 ubiquitin-protein ligase HRD1, putative",1.6625
Tb927.9.5520,3.29053083745692,6.186108379813206,"ubiquitin carboxyl-terminal hydrolase, putative",1.5069
Tb927.9.5590,-2.915469982812144,6.350248018334163,DNA topoisomerase ii,2.99
Tb927.9.5900,-1.1195563586328718,6.80632923705892,glutamate dehydrogenase,3.0082
Tb927.9.6290,-2.602332790547655,5.725544122486353,arginine kinase,0.6524399999999999
Tb927.9.6460,-3.937642250529919,6.849542252005016,"hypothetical protein, conserved",12.262
Tb927.9.6530,-4.034339566338876,6.652652395400347,hypothetical protein,1.6815
Tb927.9.6560,-2.227264563827113,7.244326610230636,"NAK family pseudokinase, putative",5.1852
Tb927.9.7060,2.6049359758804673,6.316138156309818,"hypothetical protein, conserved",1.0812
Tb927.9.7180,-5.746009609839502,7.350209240309948,"adenosine monophosphate deaminase, putative",17.736
Tb927.9.7720,-1.4090772616539673,5.962482985657211,predicted tetratricopeptide repeat protein,0.69506
Tb927.9.8350,-3.296763292787785,6.1325478424655815,"hypothetical protein, conserved",0.8267200000000001
Tb927.9.8880,-0.8511137189242436,7.379885398643749,actin B,8.1709
Tb927.9.9740,-2.2044597712500176,6.248022336412354,"AMP deaminase, putative",2.9125
Tb927.9.9860,-0.2717566838061758,6.158513262616432,"170 kDa glucose-regulated protein, putative",1.0702
Tb927.9.9870,-2.9767592038282227,5.996861768490674,"Kinesin-13 6, putative",1.0545
